<?xml version="1.0"?>

<config>
  <language name="UML" stylesheet="dia-uml.xsl">
    <implementation name="C++" stylesheet="dia-uml2c++.xsl"/>
    <implementation name="cpp" stylesheet="dia-uml2cpp.xsl"/>
    <implementation name="Component List" stylesheet="dia-uml2componentlist.xsl"/>
    <implementation name="IDL" stylesheet="dia-uml2idl.xsl"/>        
    <implementation name="Java" stylesheet="dia-uml2java.xsl"/>
    <implementation name="OWL" stylesheet="dia-uml2owl.xsl"/>        
    <implementation name="Python" stylesheet="dia-uml2python.xsl"/>
    <implementation name="UML" stylesheet="dia-uml2uml.xsl"/>        
  </language>
</config>