<?xml version="1.0" encoding="utf-8"?>
<ui>
	<menubar name="ToolboxMenu">
		<menu name="File" action="File">
			<menuitem name="FileNew" action="FileNew" />
			<menuitem name="FileOpen" action="FileOpen" />
			<separator name="FileSep1" />
			<menuitem name="FileTree" action="FileTree" />
			<menuitem name="FileSheets" action="FileSheets" />
			<separator name="FileSep2 "/>
			<menuitem name="FilePrefs" action="FilePrefs" />
			<menuitem name="FilePlugins" action="FilePlugins" />
			<separator name="FileRecentStart"/>
			<separator name="FileRecentEnd" />
			<menuitem name="FileQuit" action="FileQuit" />
		</menu>
		<menu name="Help" action="Help">
			<menuitem name="HelpContents" action="HelpContents" />
			<separator name="HelpExtensionStart" />
			<separator name="HelpExtensionEnd" />
			<menuitem name="HelpAbout" action="HelpAbout" />
		</menu>
	</menubar>
</ui>
